"Year","Scenario","Growth","Growth2","total","total2"
"2024","Gates+X2",0.0212094374368836,0.0120098934511737,1.72457193918454,1.90715191240326
"2024","GatesOnly",0.0210852568414154,0.0113107381497046,1.6575346197173,1.78887041312877
"2024","NoAction",0.0209707841945487,0.0110567121072673,1.62931140207336,1.75025845467831
"2024","X2Only",0.0211882065459018,0.0118864364547733,1.71900205984863,1.888262991954
